ADM0_NAME,M49Code,period,low,medium,high,extreme
Afghanistan,4.0,2017,97.3248835977647,2.6598011544924827,0.0135481037725151,0.001767143970328
Afghanistan,4.0,2018,96.56939892235178,3.383714876272231,0.0439507775235585,0.0029354238524115
Afghanistan,4.0,2019,99.25700473801274,0.7328434581497395,0.0081214430700243,0.002030360767506
Afghanistan,4.0,2020,99.82098721553928,0.1749719404698789,0.003463580563563,0.0005772634272605
Afghanistan,4.0,2021,94.65039542450796,5.336901064855362,0.0115486460333423,0.0011548646033342
Aksai Chin,1013.0,2017,91.4142289273802,5.04565362598534,2.1164849558215284,1.423632490812923
Aksai Chin,1013.0,2018,90.9140001601392,4.78290864388251,2.014851840836118,2.288239355142186
Aksai Chin,1013.0,2019,88.52126889790388,7.53326317739461,2.271824602862541,1.6736433218389606
Aksai Chin,1013.0,2020,89.85574385551851,7.123881555105384,1.6981764859119552,1.3221981034641073
Aksai Chin,1013.0,2021,92.0781614211035,4.656868871653367,1.5229147791804611,1.7420549280626698
Albania,8.0,2017,91.20211208714304,6.787969389264416,1.8298145443596696,0.1801039792328743
Albania,8.0,2018,88.93115459598162,7.495566086382552,3.478570365553222,0.0947089520826218
Albania,8.0,2019,94.45904665366515,4.916705260739694,0.6034483612468158,0.0207997243483029
Albania,8.0,2020,92.30701594748464,7.214304445205507,0.463157713730542,0.0155218935793068
Albania,8.0,2021,90.75241459336934,6.713710915542888,2.4981173909725243,0.0357571001152358
Algeria,12.0,2017,96.73600669247044,2.518095758832356,0.3793708147698328,0.3665267339273922
Algeria,12.0,2018,96.69619559477076,2.435897769299584,0.3880025837332825,0.4799040521963733
Algeria,12.0,2019,95.46492546243428,3.5259554496008594,0.625888913067924,0.3832301748969428
Algeria,12.0,2020,96.34790402680662,2.674757721702016,0.515830753195348,0.4615074982960056
Algeria,12.0,2021,96.65909360631184,2.632659692601933,0.3501568164362205,0.3580898846500052
Angola,24.0,2017,53.53237303340805,19.720781528945903,15.156386439240135,11.590458998405918
Angola,24.0,2018,57.39226535693069,19.01124163919003,14.210051888339828,9.386441115539444
Angola,24.0,2019,56.41831185649383,20.95806906522283,13.115313621832431,9.508305456450904
Angola,24.0,2020,56.37526748681728,18.758698531023192,14.349824575812567,10.516209406346988
Angola,24.0,2021,56.86003545948493,17.667173093939397,13.080284509382512,12.39250693719316
Argentina,32.0,2017,91.83191109380812,4.278643883899533,2.179850568231325,1.7095944540610102
Argentina,32.0,2018,92.39489739044836,3.6267328247484794,2.090258678840563,1.888111105962627
Argentina,32.0,2019,93.79511095315397,2.886408915010827,1.810456849203824,1.5080232826314073
Argentina,32.0,2020,94.22808608958276,2.790020209705045,1.7516781495341391,1.2302155511780586
Argentina,32.0,2021,93.83683142009346,2.996767161415157,1.7176152858451783,1.448786132646196
Armenia,51.0,2017,94.00146486806938,5.938301077490583,0.0591454357562712,0.0010886186837703
Armenia,51.0,2018,94.72647292558771,5.204780871663166,0.0677200999823805,0.0010261027667271
Armenia,51.0,2019,99.04663534277454,0.9417821166749524,0.009538562806306,0.0020439777442084
Armenia,51.0,2020,99.07844785400528,0.8793367348055464,0.0397826361971636,0.0024327749920175
Armenia,51.0,2021,98.42796086143042,1.5388689446288608,0.0313069537506041,0.0018632401901068
Australia,36.0,2017,94.11016298508711,3.3960926004794127,1.2350046162941677,1.258739798139275
Australia,36.0,2018,95.48748321501874,2.6095643784630496,1.0219056438241405,0.881046762694071
Australia,36.0,2019,96.467154154921,2.1933911408189286,0.9162895361494516,0.4231651681106133
Australia,36.0,2020,96.200253213764,2.2633689794275687,0.8934072202053726,0.6429705866030502
Australia,36.0,2021,95.67142810405991,2.551531505180096,1.0254079398946274,0.751632450865348
Austria,40.0,2017,91.50283693336593,6.316344418535508,1.925430011926288,0.2553886361722775
Austria,40.0,2018,93.1380115328074,5.779213198681013,1.0315017878299824,0.0512734806816073
Austria,40.0,2019,96.54547701693782,2.8140887332366398,0.5499840104815866,0.0904502393439697
Austria,40.0,2020,93.917053581665,4.579116512526178,1.4363573454555,0.0674725603533415
Austria,40.0,2021,96.31229540018782,2.92985986166108,0.6756216233354073,0.0822231148156772
Azerbaijan,31.0,2017,98.13533672912428,1.483788464464795,0.2182434016397461,0.1626314047711749
Azerbaijan,31.0,2018,97.68762190404868,1.9127240040736808,0.2394761994704187,0.1601778924072369
Azerbaijan,31.0,2019,95.28133695969196,4.289611705164874,0.2304767995971765,0.1985745355459942
Azerbaijan,31.0,2020,96.39215310501616,3.076345643069988,0.2844220959507731,0.2470791559630743
Azerbaijan,31.0,2021,98.38024192349984,1.2312042067516498,0.1616497762978776,0.2269040934506067
Bahamas,44.0,2017,96.96923968214696,2.281752648134972,0.5491585746095604,0.1998490951084993
Bahamas,44.0,2018,96.16291461018962,2.73110311083227,0.8442741680917368,0.2617081108863559
Bahamas,44.0,2019,97.37116272802344,1.8711645823752516,0.5764098018563297,0.1812628877449598
Bahamas,44.0,2020,95.72975268736266,3.081459302443565,0.9010719226892724,0.2877160875044922
Bahamas,44.0,2021,96.00107518513072,3.006598120011416,0.7316879830045805,0.2606387118532676
Bangladesh,50.0,2017,88.2644845254406,7.937766205816731,3.1638545322597804,0.6338947364829012
Bangladesh,50.0,2018,87.00290195822504,9.011181441483313,2.875568823012961,1.1103477772787034
Bangladesh,50.0,2019,91.081323599286,6.078551156950048,2.325515000082554,0.5146102436813998
Bangladesh,50.0,2020,86.47246669156215,9.340084160958686,3.7344167653173175,0.4530323821618451
Bangladesh,50.0,2021,88.31829362855247,8.534070999493197,2.7250454113404485,0.4225899606138847
Belarus,112.0,2017,83.76591168959173,13.1435001650798,2.861964765173989,0.2286233801544952
Belarus,112.0,2018,82.90268935199337,13.783414447626829,2.9717499946587846,0.3421462057210411
Belarus,112.0,2019,94.21282480748174,4.609758472263055,0.9886455680803972,0.1887711521748147
Belarus,112.0,2020,90.8198129845264,7.309992872573541,1.4899421320226365,0.3802520108774038
Belarus,112.0,2021,94.24901901882905,4.471009707606855,1.1008019099763937,0.1791693635877154
Belize,84.0,2017,87.24360775498735,9.693734194998594,2.528800224782242,0.5338578252318067
Belize,84.0,2018,91.18620037807185,6.994328922495274,1.5122873345935728,0.3071833648393194
Belize,84.0,2019,87.4411691850384,10.032202130294774,2.1055239038890265,0.4211047807778053
Belize,84.0,2020,88.53857590953848,8.598309715873148,2.1170939111948712,0.74602046339348
Belize,84.0,2021,83.34339455442242,12.94240891163393,2.9892121199143817,0.7249844140292678
Benin,204.0,2017,92.12121212121212,5.387205387205387,1.831649831649832,0.6599326599326599
Benin,204.0,2018,90.95843261848027,6.486629600211809,1.7738946253640455,0.7810431559438707
Benin,204.0,2019,91.42827636063204,6.341010017556542,1.497469792419705,0.7332438293917174
Benin,204.0,2020,90.31101767015949,6.481122542075908,2.133858804338506,1.0740009834261186
Benin,204.0,2021,90.89760761304144,6.279599781433516,2.0720875783169737,0.7507050272080923
Bolivia (Plurinational State of),68.0,2017,90.28359070427835,4.316454827495628,2.288438858880095,3.111515609345909
Bolivia (Plurinational State of),68.0,2018,88.72869139137825,5.7013391816655,2.589238456176846,2.9807309707793905
Bolivia (Plurinational State of),68.0,2019,88.19335794275737,6.04292717068578,2.6152126016328787,3.1485022849239632
Bolivia (Plurinational State of),68.0,2020,87.1380667049626,7.113037959935897,2.7164204922668205,3.0324748428346897
Bolivia (Plurinational State of),68.0,2021,88.00939236379457,6.795510116977645,2.799023108785211,2.3960744104425395
Bosnia and Herzegovina,70.0,2017,87.54976451803685,12.065958405725956,0.3842770762371808,0.0
Bosnia and Herzegovina,70.0,2018,96.89367335708036,2.936198373524053,0.1701282693956132,0.0
Bosnia and Herzegovina,70.0,2019,97.21252879036724,2.546613669714963,0.2321888453726469,0.0086686945451364
Bosnia and Herzegovina,70.0,2020,91.59996711369472,7.798245741304072,0.5551659710568273,0.0466211739443737
Bosnia and Herzegovina,70.0,2021,93.68978202496268,5.678989725121515,0.6242927391977,0.006935510718106
Botswana,72.0,2017,53.91667156034392,14.216453256015695,15.146014111996728,16.720861071643665
Botswana,72.0,2018,60.31800997908111,12.439752319607676,14.078870299263077,13.16336740204813
Botswana,72.0,2019,65.73626374714384,12.652176690650307,12.918535064202327,8.693024498003512
Botswana,72.0,2020,68.37843663490563,11.881567357258854,12.589762618161338,7.150233389674171
Botswana,72.0,2021,56.72831015806624,15.015978063084823,18.662085888228084,9.59362589062084
Brazil,76.0,2017,89.44447914086247,6.627686563539845,2.8885139186314546,1.0393203769662465
Brazil,76.0,2018,89.33756108144019,6.615284191152036,2.9037391427591404,1.143415584648623
Brazil,76.0,2019,91.12356864718924,5.494969419138462,2.4030021510506865,0.978459782621627
Brazil,76.0,2020,89.53483625635022,6.389446439003675,2.852942040585128,1.2227752640609748
Brazil,76.0,2021,89.48662324455458,6.331326962046274,2.8808679989911257,1.3011817944080324
Bulgaria,100.0,2017,60.98119123326555,26.96949588547566,10.744333146826426,1.3049797344323593
Bulgaria,100.0,2018,68.74023332645852,22.533777337995843,8.174459535556291,0.5515297999893402
Bulgaria,100.0,2019,82.82984531392175,13.186988171064604,3.693130118289354,0.2900363967242948
Bulgaria,100.0,2020,79.67095275288075,14.815843824109344,5.10290434198347,0.4102990810264495
Bulgaria,100.0,2021,87.92260116152158,8.941333161235052,3.002736788206351,0.1333288890370321
Burkina Faso,854.0,2017,87.60737840245032,8.533687380856785,2.8148987871970084,1.0440354294959109
Burkina Faso,854.0,2018,88.32536230698449,8.788819612956225,2.122010018838214,0.7638080612210932
Burkina Faso,854.0,2019,89.03213691646475,7.620515996882125,2.5710158384768773,0.7763312481762374
Burkina Faso,854.0,2020,91.50978564866,4.63377087036031,2.562740007941599,1.2937034730380848
Burkina Faso,854.0,2021,89.61155868347555,5.405887996084876,2.9661887279825034,2.01636459245707
Burundi,108.0,2017,94.78840057655654,3.8935563152571753,1.2619455870620977,0.0560975211241857
Burundi,108.0,2018,96.2794253411098,2.910658424946147,0.7196320787405772,0.0902841552034543
Burundi,108.0,2019,96.1747364814428,2.9902931940011364,0.7849732729567932,0.0499970515992488
Burundi,108.0,2020,95.62584433894456,3.03792370970723,1.1226527042507803,0.2135792470974383
Burundi,108.0,2021,95.11942241293232,3.4017958250850424,1.2132767292753162,0.2655050327073364
Cambodia,116.0,2017,96.69705002514831,3.010662135108245,0.2690569425921922,0.0232308971512499
Cambodia,116.0,2018,96.01969519353142,3.767738958365112,0.1970554863091611,0.0155103617943186
Cambodia,116.0,2019,85.02328892446575,13.615013472580632,1.341770362295301,0.0199272406583093
Cambodia,116.0,2020,88.88028351626144,9.314603045555735,1.7830593748174406,0.0220540633653722
Cambodia,116.0,2021,91.04764937473496,8.287874908270897,0.6513320780588518,0.0131436389353016
Cameroon,120.0,2017,89.3291855800682,6.912452078921204,2.652618221389641,1.105744119620964
Cameroon,120.0,2018,87.39682549181069,8.215969803510815,2.7533816960445487,1.6338230086339496
Cameroon,120.0,2019,89.89500042727167,5.837966878837074,2.820250517766113,1.4467821761251525
Cameroon,120.0,2020,87.57523365574176,6.802054438616612,3.8880818361825193,1.7346300694591088
Cameroon,120.0,2021,86.05174804714258,8.737000656488899,3.719383557299019,1.491867739069497
Canada,124.0,2017,73.05345015375778,18.37791798855435,7.301286252135011,1.267345605552842
Canada,124.0,2018,72.87071269387434,16.82026748347874,8.076071366756716,2.232948455890216
Canada,124.0,2019,88.59852024208293,8.12403065702533,2.53834484337858,0.739104257513143
Canada,124.0,2020,85.79883429050216,9.956307270993593,3.3706350093257207,0.8742234291785409
Canada,124.0,2021,86.74186356161283,8.211270027890954,3.7102172779730864,1.3366491325231071
Central African Republic,140.0,2017,73.73134328358209,19.203980099502488,6.666666666666666,0.3980099502487562
Central African Republic,140.0,2018,77.74587221823401,15.147164393395547,6.604450825556354,0.5025125628140703
Central African Republic,140.0,2019,74.09816676522769,17.622708456534593,6.918982850384388,1.360141927853341
Central African Republic,140.0,2020,78.97458609595017,13.697121047744345,6.114075063781326,1.21421779252414
Central African Republic,140.0,2021,79.40130722473381,13.620866368095868,6.153071055106117,0.8247553520641959
Chad,148.0,2017,99.3790833092078,0.4850234781618772,0.0816672500853809,0.0542259625449449
Chad,148.0,2018,99.49305043746526,0.2913942886371701,0.1401856890979417,0.0753695847996499
Chad,148.0,2019,99.08341197509463,0.6999355106711919,0.1651687296914556,0.0514837845427171
Chad,148.0,2020,98.881949252378,0.7466614398501472,0.2777556886415878,0.0936336191302781
Chad,148.0,2021,98.76777501010672,0.8708472601070565,0.2906122157691289,0.070765514017062
Chile,152.0,2017,59.14054806363287,15.131990197564065,13.539376300569868,12.188085438233198
Chile,152.0,2018,64.83899126142344,14.223769849397208,12.999182775432857,7.938056113746476
Chile,152.0,2019,73.7876120085431,11.209275612546902,8.381584100536735,6.6215282783732725
Chile,152.0,2020,78.13817840193597,11.399595733844103,6.355952083244117,4.106273780975813
Chile,152.0,2021,81.75531849255316,7.677719615479487,5.021002886546378,5.545959005420963
China,156.0,2017,78.29195711027165,11.18009778617311,7.856731963222058,2.6712131403331827
China,156.0,2018,75.60912425656427,13.715156447856923,7.263753626353777,3.411965669225035
China,156.0,2019,81.70508883922585,11.20519306343204,4.4271375876224095,2.662580509719695
China,156.0,2020,82.95914553743393,9.33165080441588,4.713131157536953,2.9960725006132423
China,156.0,2021,81.12508696580323,10.786892024639204,5.34317276552644,2.7448482440311333
Colombia,170.0,2017,87.74399929481734,7.072499655245301,3.391836140341049,1.7916649095963093
Colombia,170.0,2018,88.11863271095987,6.918933046936999,3.384239964643992,1.5781942774591196
Colombia,170.0,2019,86.13378108987335,8.569045250199181,3.5969678595689665,1.7002058003585034
Colombia,170.0,2020,87.97260632651344,7.125392705232758,3.2569677224421048,1.6450332458116883
Colombia,170.0,2021,88.24911805957179,6.7539442567650365,3.404871291298244,1.5920663923649114
Congo,178.0,2017,67.92574955918927,10.9287277083694,12.008088115091558,9.137434617349752
Congo,178.0,2018,65.36413331383534,10.093049747730657,10.25971195717424,14.283104981259749
Congo,178.0,2019,68.86051194326393,11.638690651199674,8.129215335133065,11.371582070403337
Congo,178.0,2020,72.16896654046649,10.318811543633762,9.471292089233842,8.04092982666591
Congo,178.0,2021,66.39201455665389,11.47348140884655,10.34395964464639,11.790544389853157
Costa Rica,188.0,2017,86.19078287848833,8.735151966576874,4.27668165704333,0.7973834978914531
Costa Rica,188.0,2018,86.48997762046329,9.280025878402318,3.8652562643998127,0.3647402367345681
Costa Rica,188.0,2019,84.45413222111716,9.21339009724029,4.770028866779093,1.5624488148634428
Costa Rica,188.0,2020,86.55372829541197,7.803878447910054,4.261203508699605,1.381189747978361
Costa Rica,188.0,2021,87.1478463156739,7.734584907815813,4.383255369560153,0.7343134069501254
Croatia,191.0,2017,96.54426434651208,3.406644866028388,0.0490907874595173,0.0
Croatia,191.0,2018,95.05960498660292,4.231232050315273,0.7091629630818105,0.0
Croatia,191.0,2019,99.07259800210772,0.8779247252774439,0.0494772726148243,0.0
Croatia,191.0,2020,98.39082066019796,1.4256897567851652,0.1673886758978534,0.0161009071190312
Croatia,191.0,2021,98.9612824374386,0.7431117755634548,0.2956057869979424,0.0
Cuba,192.0,2017,73.58680500957183,17.29238084882875,7.19389206555365,1.9269220760457584
Cuba,192.0,2018,88.53047354318582,7.591334699632343,2.79992959290005,1.0782621642817811
Cuba,192.0,2019,92.11070969771852,5.9299793572631385,1.4193451878806012,0.5399657571377467
Cuba,192.0,2020,92.31233126403134,5.633352111421192,1.415521342518819,0.6387952820286273
Cuba,192.0,2021,87.46663649964633,7.552132689614396,3.0166343681470225,1.9645964425922648
Czechia,203.0,2017,63.42812592812593,23.16127603012849,11.0580270416336,2.3525710001119844
Czechia,203.0,2018,64.49971826851436,22.286390938818865,11.448622252185128,1.7652685404816426
Czechia,203.0,2019,78.00100612234962,14.055607565279042,6.640911128283957,1.3024751840873747
Czechia,203.0,2020,79.65902636812015,13.164658291166916,5.746642620341629,1.4296727203712738
Czechia,203.0,2021,82.77384641644888,11.680873461333803,4.477480449284769,1.0677996729325394
Côte d'Ivoire,384.0,2020,83.36202314166599,9.811249442954798,4.886882136762364,1.9398452786168443
Côte d'Ivoire,384.0,2021,84.4515911152082,9.220496167927624,4.454741901658788,1.8731708152053868
C�te d'Ivoire,384.0,2017,80.95151082304793,11.658322757755816,5.948021103963504,1.4421453152327637
C�te d'Ivoire,384.0,2018,82.70550280075764,10.638910361155414,5.343770175876984,1.3118166622099838
C�te d'Ivoire,384.0,2019,85.43239235576067,9.099222482761558,4.214372175413031,1.254012986064737
Democratic People's Republic of Korea,408.0,2017,64.58431936792816,26.40600644945507,8.360547888150544,0.6491262944662161
Democratic People's Republic of Korea,408.0,2018,68.64690833117085,23.857133827042205,6.920324570333553,0.5756332714533804
Democratic People's Republic of Korea,408.0,2019,75.60372210064801,19.331457616913863,4.732749005214184,0.3320712772239398
Democratic People's Republic of Korea,408.0,2020,85.2007023949894,12.116059995182129,2.4759423376820964,0.2072952721463618
Democratic People's Republic of Korea,408.0,2021,86.6199408320106,10.169120912490383,3.0214109773066187,0.1895272781924136
Democratic Republic of the Congo,180.0,2017,73.1702260402225,8.319841569926655,8.453609534110576,10.05632285574027
Democratic Republic of the Congo,180.0,2018,75.96726169877118,7.797298706881428,8.099484437548599,8.135955156798795
Democratic Republic of the Congo,180.0,2019,81.0785227829403,7.69726939649173,6.581495747739055,4.642712072828928
Democratic Republic of the Congo,180.0,2020,84.53366389881216,7.166191678634108,5.42627666384201,2.873867758711701
Democratic Republic of the Congo,180.0,2021,82.92764041193588,7.566847966438404,5.983035366784311,3.5224762548414
Denmark,208.0,2017,84.77685658846357,12.638913388604692,2.301993296877756,0.2822367260539777
Denmark,208.0,2018,85.57968045882835,12.609586235149528,1.6058992216304795,0.2048340843916427
Denmark,208.0,2019,89.46184605131623,8.838720426524493,1.449516827724092,0.2499166944351883
Denmark,208.0,2020,91.50036823522322,6.558401039753406,1.589819415248607,0.3514113097747907
Denmark,208.0,2021,93.36983651748668,4.845623788609443,1.4392173966841797,0.3453222972197231
Djibouti,262.0,2017,99.7172144565305,0.2460564070233599,0.0330562228015343,0.0036729136446149
Djibouti,262.0,2018,99.7342495067115,0.2214587444070811,0.0295278325876108,0.0147639162938054
Djibouti,262.0,2019,99.64326621712902,0.3125964152668558,0.0404592536371138,0.0036781139670103
Djibouti,262.0,2020,99.70889063394836,0.2441288125994616,0.0469805534521778,0.0
Djibouti,262.0,2021,87.46051532568494,10.948778323831634,1.583463084838666,0.0072432656447791
Dominican Republic,214.0,2017,99.9894028495322,0.0105971504677966,0.0,0.0
Dominican Republic,214.0,2018,100.0,0.0,0.0,0.0
Dominican Republic,214.0,2019,100.0,0.0,0.0,0.0
Dominican Republic,214.0,2020,99.96779131821108,0.0257648867106711,0.0013484619093479,0.0050953331689101
Dominican Republic,214.0,2021,99.97381187061376,0.0192808043790999,0.00494115648797,0.0019661685191714
Ecuador,218.0,2017,24.585495797547427,13.468516051991,33.36012492536628,28.585863225095306
Ecuador,218.0,2018,28.307795548596356,22.40481250099861,27.901161583076355,21.38623036732868
Ecuador,218.0,2019,32.67824341791959,16.813218586298387,27.96533777808014,22.54320021770189
Ecuador,218.0,2020,44.38592845954672,19.765527602851385,23.42166671994374,12.426877217658152
Ecuador,218.0,2021,43.32653628695894,23.3957425773164,22.643433126332376,10.63428800939228
Egypt,818.0,2017,88.61186598112928,8.292130064593172,1.7725954818008445,1.3234084724766957
Egypt,818.0,2018,89.7932692898711,7.301088384701142,1.6099447072782511,1.2956976181495032
Egypt,818.0,2019,90.7548198926527,6.224109068854582,1.819827615844302,1.2012434226484263
Egypt,818.0,2020,91.59886694303086,6.228216073435775,1.1552875411089247,1.017629442424432
Egypt,818.0,2021,93.0106976793166,4.5530950791350895,1.413000989384628,1.023206252163658
El Salvador,222.0,2017,73.23893048016043,15.205325549407275,7.44421927991684,4.111524690515439
El Salvador,222.0,2018,58.07038922495081,25.495857335710387,13.109419923948105,3.32433351539072
El Salvador,222.0,2019,75.52632689193847,15.617106769647515,6.900318166013701,1.9562481724002985
El Salvador,222.0,2020,84.30458533063943,7.333848830276786,4.632380739977764,3.729185099105998
El Salvador,222.0,2021,67.04722871562265,19.573597003575287,11.159764393314742,2.219409887487315
Estonia,233.0,2017,98.6306523256963,1.3072853091598118,0.0487667783868896,0.0132955867570003
Estonia,233.0,2018,98.99089652688627,0.9491516047964554,0.0473466519821584,0.0126052163351127
Estonia,233.0,2019,99.75016949475526,0.2010698904998677,0.0426925685885702,0.0060680461563164
Estonia,233.0,2020,99.183600190058,0.6859193277980716,0.0981515138163014,0.032328968327618
Estonia,233.0,2021,99.57591391021022,0.3045179266847114,0.0982948660345935,0.0212732970704514
Eswatini,748.0,2017,94.66243212785577,2.5996311853293705,2.3127753303964758,0.4251613564183997
Eswatini,748.0,2018,96.29170503648083,3.300984628462137,0.2975136360416518,0.1097966990153715
Eswatini,748.0,2019,93.18642292895032,3.3874382498235702,2.7135930065790963,0.7125458146470279
Eswatini,748.0,2020,96.91361664490586,1.5158151876342498,1.4631680916480645,0.1074000758118182
Eswatini,748.0,2021,94.47000808140784,3.1447396632196987,2.036844622565269,0.3484076328072172
Ethiopia,231.0,2017,95.24674471429756,2.938595219361108,1.0353168942197342,0.7793431721215994
Ethiopia,231.0,2018,94.40799220718915,3.7437676493897016,1.172159442721043,0.6760807007001055
Ethiopia,231.0,2019,95.9667788256416,2.3479667536077677,0.9031905774002388,0.7820638433503936
Ethiopia,231.0,2020,91.66026064222334,4.556291680984436,2.771579937263418,1.0118677395288462
Ethiopia,231.0,2021,89.96328784268472,6.376517581745962,2.714444683122387,0.945749892446918
Finland,246.0,2017,51.26593141722599,25.730546034134004,19.484133416653272,3.519389131986741
Finland,246.0,2018,53.17653348609258,28.22280173936419,16.767612934398805,1.833051840144427
Finland,246.0,2019,79.18950135517753,14.587355764329082,5.694230848877396,0.5289120316160056
Finland,246.0,2020,74.50710266440237,16.732267182527252,7.472952545894787,1.2876776071756164
Finland,246.0,2021,75.85045633181318,16.741480937673515,6.395306499202452,1.0127562313108451
France,250.0,2017,91.66511756137037,6.8561398526392106,1.4667155337068123,0.0120270522836243
France,250.0,2018,88.95226155671074,10.313519055146784,0.6938182333153894,0.040401154827097
France,250.0,2019,96.52199262794858,2.8083299569469564,0.6033758007708775,0.0663016143335928
France,250.0,2020,97.13936617867844,2.3743614326241502,0.4540482342310193,0.0322241544663688
France,250.0,2021,89.24348524216653,7.769262963993757,2.7523064488955,0.2349453449442118
Gabon,266.0,2017,64.8968664008301,17.826723512989005,12.867564735993202,4.408845350187671
Gabon,266.0,2018,68.0861611678514,15.4253252657286,11.880889871137509,4.6076236952824745
Gabon,266.0,2019,72.80696752322388,13.094050621281832,9.738490776000983,4.360491079493313
Gabon,266.0,2020,76.98365070749315,12.587833972169888,7.518795435460808,2.9097198848761523
Gabon,266.0,2021,74.19482100985392,13.975738734779029,9.006849809201094,2.822590446165936
Gambia,270.0,2017,0.0,0.0,0.0,0.0
Gambia,270.0,2018,0.0,0.0,0.0,0.0
Gambia,270.0,2019,0.0,0.0,0.0,0.0
Gambia,270.0,2020,96.3996399639964,3.6003600360036003,0.0,0.0
Gambia,270.0,2021,100.0,0.0,0.0,0.0
Germany,276.0,2017,86.3732471067237,10.902845731139594,2.664669950946754,0.05923721118995
Germany,276.0,2018,88.73508094415746,9.556577709119168,1.6365687963942808,0.0717725503290897
Germany,276.0,2019,94.17029883365788,5.189609813976556,0.6171956734690415,0.0228956788965093
Germany,276.0,2020,95.19302997539152,4.195610581488691,0.5464935200877998,0.0648659230319956
Germany,276.0,2021,94.95429262112174,4.403854082005609,0.599120831141247,0.0427324657313993
Ghana,288.0,2017,94.37680947885283,4.096530484564487,1.3921764566557702,0.134483579926901
Ghana,288.0,2018,95.66104750362234,3.2004998156719147,1.0204756017276275,0.1179770789781473
Ghana,288.0,2019,95.58140766760464,3.26037988867943,1.0120733913194628,0.1461390523964498
Ghana,288.0,2020,94.39161418237124,4.016965537523968,1.3729389020281997,0.2184813780766095
Ghana,288.0,2021,94.54853324460184,3.944476423872581,1.294436359974238,0.2125539715513504
Greece,300.0,2017,94.92195918206896,4.887489906195181,0.1845841305615957,0.0059667811742672
Greece,300.0,2018,81.9037230663353,16.283844961258442,1.8098183094980331,0.0026136629082349
Greece,300.0,2019,89.95301021649516,6.996177827772435,3.0508119557323976,0.0
Greece,300.0,2020,98.59706488243064,1.1445300641755918,0.2067587685545201,0.0516462848392585
Greece,300.0,2021,97.62465550823192,2.128220359980381,0.2037562419784812,0.0433678898092518
Guatemala,320.0,2017,85.1548770460537,10.890995809704645,3.627024155654074,0.3271029885875908
Guatemala,320.0,2018,84.09394497528406,10.870941661439051,4.370550959103523,0.6645624041733571
Guatemala,320.0,2019,92.97114971966212,4.950497265442774,1.889878726641664,0.1884742882534322
Guatemala,320.0,2020,90.13477809696336,6.274685399571012,3.2817920022068745,0.3087445012587402
Guatemala,320.0,2021,90.96533197817934,5.250777230401321,2.929726433123586,0.8541643582957865
Guinea,324.0,2017,63.65124769171916,17.331036990741687,14.627849241120696,4.389866076418461
Guinea,324.0,2018,63.83920641434776,19.913909799766017,12.064572244102926,4.1823115417833
Guinea,324.0,2019,70.40982779836068,15.308127298767491,9.31247100275012,4.969573900121704
Guinea,324.0,2020,66.3639300986476,17.60628706627894,9.929190911649243,6.100591923424232
Guinea,324.0,2021,70.84925665284057,12.285326466887264,10.089656056298647,6.775760823973529
Haiti,332.0,2017,90.38264959851392,9.52477569100845,0.0925747104776297,0.0
Haiti,332.0,2018,93.48985374788072,6.315556174902377,0.1945900772169081,0.0
Haiti,332.0,2019,82.02192498682064,17.60032700094055,0.3777480122388104,0.0
Haiti,332.0,2020,76.1934082858075,22.477008943660525,1.1696331213967242,0.1599496491352558
Haiti,332.0,2021,86.5927739320956,12.498237455179936,0.8094950588427932,0.0994935538816625
Honduras,340.0,2017,76.81811075961836,16.138258242533393,5.09183366103078,1.951797336817476
Honduras,340.0,2018,81.95419542913655,11.69677807615928,4.767013946778271,1.5820125479259262
Honduras,340.0,2019,78.13238043534886,14.31247675446809,5.290376824290499,2.264765985892561
Honduras,340.0,2020,79.10972059893709,14.527267514940348,4.285421306811917,2.077590579310649
Honduras,340.0,2021,81.29945609426507,12.39206474793327,4.373788329492748,1.9346908283089368
Hungary,348.0,2017,99.32277849039332,0.5835179886386589,0.0818618231179426,0.0118416978501164
Hungary,348.0,2018,99.63916514180026,0.2787215842981581,0.0698992636867763,0.0122140102147976
Hungary,348.0,2019,99.6091657111032,0.3471387876607184,0.0414751908325666,0.0022203104035445
Hungary,348.0,2020,99.65787452873288,0.2508465935382679,0.0841930464188292,0.0070858313100099
Hungary,348.0,2021,99.6174750989544,0.2928866988107897,0.076076281284704,0.0135619209501024
Iceland,352.0,2017,79.6486131434706,18.206449472659525,2.10988726169482,0.0350501221750689
Iceland,352.0,2018,89.32800453949757,9.605427560273236,1.049315094951767,0.0172528052774269
Iceland,352.0,2019,94.70552494902698,4.9314322881674455,0.3568354472285674,0.0062073155770028
Iceland,352.0,2020,89.81489703985466,8.745545025382647,1.4110460972116634,0.0285118375510386
Iceland,352.0,2021,96.08318588264046,3.5377442600219697,0.3623857958534245,0.0166840614841333
India,356.0,2017,89.1401547479665,7.146778162203262,2.647696594297945,1.065370495532302
India,356.0,2018,90.18886741135708,6.6434533157418585,2.1459846036900005,1.0216946692110584
India,356.0,2019,91.82561979537329,5.336780981624405,1.8833036944566537,0.9542955285456638
India,356.0,2020,87.63953806372243,7.279572592697668,3.404842463068879,1.6760468805110118
India,356.0,2021,87.4874431227189,7.555212341952533,3.29401798174761,1.6633265535809727
Indonesia,360.0,2017,49.24984254197621,28.241340013188008,15.18112342056677,7.327694024268993
Indonesia,360.0,2018,49.52275874018764,31.932754566003307,15.945261893342677,2.5992248004663763
Indonesia,360.0,2019,59.52766800715443,25.392824750929304,10.261195936652912,4.81831130526335
Indonesia,360.0,2020,70.41525654178227,17.64693914168152,8.685729035008102,3.252075281528101
Indonesia,360.0,2021,65.76049259558522,23.235400123955035,9.231702729310127,1.7724045511496322
Iran (Islamic Republic of),364.0,2017,78.30934480866672,20.1177369097806,1.4464073159209594,0.1265109656317427
Iran (Islamic Republic of),364.0,2018,78.45036455548802,19.85713048708621,1.5555320349784,0.1369729224473735
Iran (Islamic Republic of),364.0,2019,81.4624124235919,16.535597119527033,1.8745469302700268,0.1274435266110454
Iran (Islamic Republic of),364.0,2020,87.02450391445113,11.96475813411958,0.8699571530904824,0.1407807983388043
Iran (Islamic Republic of),364.0,2021,87.96845678694174,11.23681296111439,0.6704641980364577,0.1242660539074242
Iraq,368.0,2017,91.70326290344453,7.040891831126885,1.0220965799749335,0.2337486854536603
Iraq,368.0,2018,80.97424731545918,15.995181353924592,2.575215575531145,0.4553557550850879
Iraq,368.0,2019,73.87078192939866,13.347398562724184,11.847854863253318,0.9339646446238336
Iraq,368.0,2020,89.55815186880213,5.261916143004621,4.950981446688753,0.2289505415045012
Iraq,368.0,2021,98.44708896124766,1.3444360414095222,0.1710253903981117,0.0374496069446876
Ireland,372.0,2017,58.03411701397012,20.143462287820267,16.25034419292556,5.572076505284042
Ireland,372.0,2018,54.08681830632148,22.66679271705693,17.522558522679077,5.723830453942528
Ireland,372.0,2019,74.91637896296123,14.601929725692958,8.29631977312703,2.1853715382187917
Ireland,372.0,2020,76.39265366964064,14.440244990800204,7.46389171536279,1.7032096241963828
Ireland,372.0,2021,73.25790463400861,14.886389584817096,9.247766830519756,2.6079389506545385
Israel,376.0,2017,92.00094699253542,6.4551806469721615,1.4931745211542888,0.0506978393381366
Israel,376.0,2018,93.62458835174706,5.560035869624893,0.789183118416317,0.0261926602117181
Israel,376.0,2019,94.61851708924522,4.505571205027921,0.8513512732577663,0.0245604324690843
Israel,376.0,2020,94.3411900120974,4.063449395980653,1.49658000418205,0.0987805877398839
Israel,376.0,2021,93.53429492766251,5.219095089665636,1.2100695690512562,0.0365404136205641
Italy,380.0,2017,66.58226462158983,20.286500424181312,12.205974190489185,0.9252607637396748
Italy,380.0,2018,70.84971480265844,21.098980299750867,6.895055833678798,1.15624906391189
Italy,380.0,2019,82.73362101171026,14.333262470691585,2.8971405295643637,0.0359759880337976
Italy,380.0,2020,86.56550508411982,11.454681289410972,1.8845692485638448,0.0952443779053341
Italy,380.0,2021,86.16423288191817,11.976252774296286,1.7895662580073377,0.069948085778205
Jammu and Kashmir,1052.0,2017,77.47453237917456,7.010299008447701,7.099778944886092,8.415389667491677
Jammu and Kashmir,1052.0,2018,82.92997233359378,4.517972486722148,4.76192749719243,7.79012768249164
Jammu and Kashmir,1052.0,2019,83.20108569819989,4.333947973768678,4.231782740430182,8.233183587601253
Jammu and Kashmir,1052.0,2020,83.86197130754061,4.029633618835578,4.6613288414619465,7.447066232161845
Jammu and Kashmir,1052.0,2021,87.36868001435249,3.5810295925820275,2.869282883865062,6.181007509200421
Japan,392.0,2017,66.83975554157801,20.991629576230235,10.609831440271716,1.5587834419200326
Japan,392.0,2018,58.152184913235885,27.36968293020596,11.337788750015402,3.1403434065427422
Japan,392.0,2019,81.17979501397245,13.186926526051762,4.959107549695951,0.6741709102798394
Japan,392.0,2020,81.09461373396066,11.101095312630695,7.146422840071612,0.6578681133370082
Japan,392.0,2021,81.49555773767733,12.620269717348458,5.104595327538901,0.7795772174353094
Jordan,400.0,2017,96.47160126531696,3.337930892244391,0.1904678424386483,0.0
Jordan,400.0,2018,97.37271654488326,2.502496385944748,0.1247870691719991,0.0
Jordan,400.0,2019,97.73023786946206,2.1252151120104004,0.1445470185275494,0.0
Jordan,400.0,2020,92.986085440279,6.711560592850915,0.3023539668700959,0.0
Jordan,400.0,2021,98.52587541500476,1.4060363062722925,0.0680882787229736,0.0
Kazakhstan,398.0,2017,94.73560788771864,4.53937904775321,0.5572259069806305,0.1677871575475206
Kazakhstan,398.0,2018,93.28503936936542,5.679391191990852,0.875322233687178,0.1602472049565532
Kazakhstan,398.0,2019,97.27759383962945,2.25847780873324,0.3435777718334625,0.120350579803873
Kazakhstan,398.0,2020,95.82477850095228,3.1306691559898847,0.9409600341572226,0.1035923089006087
Kazakhstan,398.0,2021,95.90550278612125,3.105663175422438,0.8494686257624184,0.1393654126938899
Kenya,404.0,2017,95.1401215373677,3.2581895730673915,1.1347911410678178,0.4668977484970883
Kenya,404.0,2018,90.62644346078363,6.403918993787311,2.3249898636644195,0.6446476817646442
Kenya,404.0,2019,91.74227113867096,6.35203241274394,1.372176291300677,0.5335201572844254
Kenya,404.0,2020,94.10439377777855,4.076707267571545,1.2521543001066258,0.5667446545432376
Kenya,404.0,2021,89.73342801044134,7.565465250200074,2.0435620802005268,0.6575446591580607
Kyrgyzstan,417.0,2017,53.4061850020703,16.060294893366777,16.18820104730346,14.345319057259465
Kyrgyzstan,417.0,2018,70.3946285727929,9.351767954163472,9.43218075516858,10.821422717875055
Kyrgyzstan,417.0,2019,82.94406692065326,7.2062062708790435,4.981662314222571,4.8680644942451465
Kyrgyzstan,417.0,2020,80.44862354956561,8.12411684127408,6.122444840020651,5.304814769139642
Kyrgyzstan,417.0,2021,79.60721372954633,7.69344951740851,6.305785506822977,6.393551246222184
Lao People's Democratic Republic,418.0,2017,96.33386152234752,2.89223175528948,0.6920995311777532,0.0818071911852566
Lao People's Democratic Republic,418.0,2018,98.06752773617264,1.461595506228236,0.4154775259187772,0.0553992316803389
Lao People's Democratic Republic,418.0,2019,97.02491231250684,2.469502826007896,0.447446644108716,0.0581382173765493
Lao People's Democratic Republic,418.0,2020,95.56971597171642,3.3279213487777946,0.9476141306695248,0.1547485488362695
Lao People's Democratic Republic,418.0,2021,96.36782734043229,2.9894761287903844,0.5841360922078521,0.0585604385694759
Latvia,428.0,2017,86.72681911563832,9.80283874253877,2.891122126553484,0.5792200152694165
Latvia,428.0,2018,86.39616098214341,11.120868908106855,2.146994133264858,0.3359759764848316
Latvia,428.0,2019,93.27218124191586,4.01091271088281,2.188456199039208,0.5284498481621093
Latvia,428.0,2020,93.2365393987035,4.627155746895322,1.7846983689082516,0.351606485492908
Latvia,428.0,2021,92.5226462923716,5.218304370846743,1.8319305285991436,0.4271188081825136
Libya,434.0,2017,100.0,0.0,0.0,0.0
Libya,434.0,2018,99.97525777997276,0.0247422200272261,0.0,0.0
Libya,434.0,2019,100.0,0.0,0.0,0.0
Libya,434.0,2020,100.0,0.0,0.0,0.0
Libya,434.0,2021,100.0,0.0,0.0,0.0
Lithuania,440.0,2017,77.00090145645304,18.52093890651549,4.254476799996257,0.2236828370352111
Lithuania,440.0,2018,75.22116841136007,20.27227078467055,4.053330397799267,0.4532304061701256
Lithuania,440.0,2019,87.05808367262695,10.61371104025817,1.947226240132449,0.3809790469824357
Lithuania,440.0,2020,85.36649061714472,11.4127158765321,2.5843825795677904,0.6364109267553741
Lithuania,440.0,2021,87.75496599930517,9.753610310969185,2.19890243095884,0.2925212587668151
Madagascar,450.0,2017,91.48688197579553,5.519815048369749,1.678081795936202,1.3152211798985411
Madagascar,450.0,2018,92.31079597714096,4.696549384399377,1.803385040334472,1.1892695981251773
Madagascar,450.0,2019,94.4795997329014,3.082237729794062,1.283468194032324,1.1546943432722063
Madagascar,450.0,2020,90.46445245683236,6.149539425199347,2.1571641670850115,1.2288439508832605
Madagascar,450.0,2021,92.01779446724494,4.874139165070445,1.7856693155782062,1.3223970521064128
Malawi,454.0,2017,83.9725076528876,10.89493091221712,4.329309802292649,0.8032516326026495
Malawi,454.0,2018,82.9265096999845,11.846961655217369,4.917690140026627,0.3088385047714977
Malawi,454.0,2019,84.65529196875285,9.156827360521534,4.870793993960473,1.317086676765145
Malawi,454.0,2020,79.90753581007712,12.31429249137083,5.5399412333477205,2.238230465204294
Malawi,454.0,2021,78.00979243919834,14.105048414875398,5.970977970422983,1.9141811755032565
Malaysia,458.0,2017,80.89416142787111,15.7491143634979,3.042134407093725,0.3145898015372615
Malaysia,458.0,2018,81.94142267328655,13.755185503800242,3.821388399472521,0.4820034234406774
Malaysia,458.0,2019,88.57187682606121,9.02834159619614,2.095740540781681,0.3040410369609536
Malaysia,458.0,2020,85.26473993457358,10.139792835815417,3.7200654097248136,0.8754018198861926
Malaysia,458.0,2021,86.67331811564125,9.967342246744714,2.9016428866460906,0.4576967509679386
Mali,466.0,2017,81.77976022014889,10.239273167501295,6.5025857815498185,1.4783808307999926
Mali,466.0,2018,84.36489137728279,7.271000572103549,6.179199729634407,2.184908320979236
Mali,466.0,2019,88.28861152406205,7.394818521164426,3.1435126758492573,1.173057278924265
Mali,466.0,2020,84.54507788233016,9.627877558893836,4.458654359011884,1.368390199764126
Mali,466.0,2021,86.80618112131197,8.170381834364013,3.679801020251195,1.343636024072828
Mauritania,478.0,2017,99.1534330730906,0.43142353005959,0.321532630893468,0.0936107659563261
Mauritania,478.0,2018,99.12996895821078,0.3577697741937027,0.3943598647362404,0.1179014028592883
Mauritania,478.0,2019,99.30135035617434,0.2803498570765435,0.3426498253157753,0.075649961433353
Mauritania,478.0,2020,97.36960680709538,2.197932653470201,0.3769151490483532,0.0555453903860731
Mauritania,478.0,2021,99.3594287536212,0.3744583313279462,0.2025635622029009,0.0635493528479689
Mexico,484.0,2017,88.23615466812043,8.81833090894563,2.1565171383370267,0.7889972845969175
Mexico,484.0,2018,90.9993919252563,6.344057563848763,1.9729101698966145,0.6836403409983156
Mexico,484.0,2019,90.84544798429911,6.633681692725238,1.9217690960229064,0.5991012269527431
Mexico,484.0,2020,89.82092752630263,7.369797089723622,2.15909629217625,0.6501790917975124
Mexico,484.0,2021,86.31996515105735,9.870769348557436,2.8455088903311787,0.963756610054048
Moldova,498.0,2017,94.73330366191492,4.980218401994482,0.2614059789865292,0.0250719571040539
Moldova,498.0,2018,98.60958346173824,1.107936070730046,0.2509839571598053,0.0314965103719243
Moldova,498.0,2019,97.47562539615409,2.386593789837966,0.1133473177663839,0.0244334962415694
Moldova,498.0,2020,98.23552292061498,1.2397788779572267,0.4568316234516252,0.0678665779761625
Moldova,498.0,2021,98.7853036658883,0.9673644263833816,0.2055362573169706,0.0417956504113456
Mongolia,496.0,2017,88.68870820838765,4.50342317310107,2.813672237319299,3.99419638119194
Mongolia,496.0,2018,88.61690249649257,5.781644250254851,3.70419005887346,1.8972631943791152
Mongolia,496.0,2019,89.21539148164608,5.465387979706667,3.170807840133725,2.148412698513523
Mongolia,496.0,2020,94.85341782275506,2.2034939932382063,1.4613413906763402,1.4817467933304045
Mongolia,496.0,2021,85.77541208815867,4.605635084462214,5.022292083446748,4.5966607439323415
Montenegro,499.0,2017,96.83455905558544,2.87810891453995,0.2253288817556529,0.0620031481189751
Montenegro,499.0,2018,98.36133365551645,1.46368319511463,0.1278156007022673,0.0471675486666505
Montenegro,499.0,2019,99.47312322056396,0.3656185640940805,0.1273970480669711,0.0338611672749867
Montenegro,499.0,2020,97.518306737438,2.124528818841364,0.3127488723942335,0.0444155713264125
Montenegro,499.0,2021,95.75463572667071,3.8318011651419854,0.3123579053456817,0.1012052028416085
Morocco,504.0,2017,93.44532788025133,4.920307333430145,1.453117767282782,0.1812470190357702
Morocco,504.0,2018,90.16678993089562,7.975992626418986,1.5247643185759083,0.3324531241095005
Morocco,504.0,2019,94.53353747747684,3.3857742998952216,1.697206252408782,0.3834819702191636
Morocco,504.0,2020,92.49181744249148,4.830627337095744,2.141449733448736,0.536105486964021
Morocco,504.0,2021,91.01925556486154,5.7784151846136185,2.546973383221394,0.6553558673034526
Mozambique,508.0,2017,84.64828541025904,7.647441640529746,5.178824875475015,2.525448073736211
Mozambique,508.0,2018,81.39029288123413,12.06795444320408,4.761298661899618,1.7804540136621667
Mozambique,508.0,2019,83.49730537684131,8.021057620987932,3.739655803819464,4.741981198351302
Mozambique,508.0,2020,81.4318065493817,10.628468385099469,3.862991244453807,4.076733821065024
Mozambique,508.0,2021,78.89775551956407,10.308998664240535,4.69806381930033,6.095181996895071
Myanmar,104.0,2017,86.77462462362692,10.099240922662348,2.644084921502237,0.482049532208495
Myanmar,104.0,2018,85.22525854349004,11.70276806610942,2.6331077557597053,0.4388656346408214
Myanmar,104.0,2019,91.0099475127568,6.3442595141167,2.144993271802159,0.5007997013243304
Myanmar,104.0,2020,90.68620328407452,6.059757790693887,2.533026680033505,0.7210122451981067
Myanmar,104.0,2021,91.00572311500036,6.221727386360361,2.188278718187024,0.5842707804522439
Namibia,516.0,2017,92.98635446412725,5.295546004971063,1.4360572612684912,0.2820422696332143
Namibia,516.0,2018,93.90330526777362,5.565443151120489,0.4806561924291441,0.050595388676752
Namibia,516.0,2019,97.61130415182272,2.065226618736625,0.2861458568129059,0.0373233726277703
Namibia,516.0,2020,91.59674987948584,7.100629088541449,1.207881579399556,0.0947394525731513
Namibia,516.0,2021,96.7157811482274,2.9994882292732856,0.2491392946868893,0.0355913278124127
Netherlands,528.0,2017,92.36916150815982,5.30106921778278,1.9245920090039397,0.4051772650534608
Netherlands,528.0,2018,92.99824407374892,5.245829675153644,1.503511852502195,0.252414398595259
Netherlands,528.0,2019,94.07994786009124,4.247230067347382,1.4012600477949164,0.2715620247664566
Netherlands,528.0,2020,94.33110781663372,3.804046792371308,1.4497747339449003,0.4150706570500677
Netherlands,528.0,2021,94.30369800549823,3.793987415520857,1.4148980269467066,0.4874165520342021
New Zealand,554.0,2017,62.29404118745888,19.784452229317477,13.921595895504955,3.9999106877186743
New Zealand,554.0,2018,55.86578366737048,25.749602284863748,15.35885602249859,3.0257580252671588
New Zealand,554.0,2019,68.91527552185464,20.39434360677416,8.93747258416909,1.752908287202097
New Zealand,554.0,2020,72.43309680331588,17.13464160610443,8.222812966689089,2.2094486238906166
New Zealand,554.0,2021,76.96885104448342,15.416389122794842,5.943193802636819,1.6715660300849116
Nicaragua,558.0,2017,91.27513076226047,5.649886792530388,2.2126149383825053,0.8623675068266392
Nicaragua,558.0,2018,92.83308724757296,4.485531619844247,1.903810538971896,0.777570593610881
Nicaragua,558.0,2019,92.28875456143489,4.819431547223225,1.993618509536735,0.898195381805154
Nicaragua,558.0,2020,91.296990040451,5.351511232141797,2.3904446643201767,0.9610540630870216
Nicaragua,558.0,2021,92.14022291552632,4.892037237582818,2.115337861446127,0.8524019854447834
Nigeria,566.0,2017,91.05992375135662,5.352643131706899,2.4844447880920253,1.102988328844427
Nigeria,566.0,2018,91.13840164642664,5.313651819595392,2.4750001754915667,1.0729463584863594
Nigeria,566.0,2019,91.63377962723322,4.884905793362822,2.168442538603154,1.3128720408007917
Nigeria,566.0,2020,90.33875769792726,5.32467258789078,2.779243832567328,1.5573258816146296
Nigeria,566.0,2021,88.7120457699874,6.892449985319367,2.910014919748174,1.4854893249450685
North Macedonia,807.0,2017,86.76478203796135,8.921312628493302,3.790336051777229,0.5235692817681227
North Macedonia,807.0,2018,83.15858106630972,10.631447737323144,5.889169297091639,0.3208018992754984
North Macedonia,807.0,2019,88.67660626350163,8.943035490909365,2.274680175143175,0.1056780704458306
North Macedonia,807.0,2020,89.83403106002791,9.250443353955465,0.9009630794928076,0.014562506523817
North Macedonia,807.0,2021,91.24462460281184,4.058609999867853,4.488341781009917,0.2084236163103728
Norway,578.0,2017,36.08377587624484,26.08680710374313,29.63202412491206,8.197392895099965
Norway,578.0,2018,32.55022081937065,26.01619797665691,33.05656296920216,8.377018234770278
Norway,578.0,2019,63.81769586470487,21.20531755396373,12.680234500296873,2.296752081034545
Norway,578.0,2020,58.27785177898987,25.52944093756025,14.339734852481488,1.8529724309684017
Norway,578.0,2021,58.236963636732526,25.357568373261277,14.547838076065034,1.857629913941176
Pakistan,586.0,2017,93.54703364520388,5.281953348502324,0.9096006744686184,0.2614123318251821
Pakistan,586.0,2018,88.25628573310934,10.314664141477028,1.2651313572505527,0.1639187681630663
Pakistan,586.0,2019,85.62239271141613,13.566041206255456,0.749789683819758,0.061776398508645
Pakistan,586.0,2020,86.91666489230403,11.918522951289813,0.951343418255764,0.2134687381503902
Pakistan,586.0,2021,91.20331461072551,7.812282189606923,0.7727196954561709,0.211683504211401
Panama,591.0,2017,76.58515521510614,12.31338877881257,7.700200836180199,3.401255169901111
Panama,591.0,2018,78.2628791019669,13.059470143430277,6.115796369338914,2.56185438526392
Panama,591.0,2019,78.37614117858718,12.26001341519526,6.869043724540951,2.494801681676581
Panama,591.0,2020,76.29191897568046,12.754971704517333,7.646803458009601,3.3063058617926235
Panama,591.0,2021,79.15677782341334,10.712312337423311,6.581112288891128,3.5497975502722143
Papua New Guinea,598.0,2017,78.76744390432208,12.11554541822525,6.695035521445599,2.4219751560070684
Papua New Guinea,598.0,2018,75.11210797587025,13.90829625414982,8.211581419080822,2.768014350899115
Papua New Guinea,598.0,2019,77.83618376402256,11.60567752502261,7.297845588118607,3.260293122836204
Papua New Guinea,598.0,2020,75.5549045355381,13.216491289999173,8.267723004323964,2.9608811701387645
Papua New Guinea,598.0,2021,79.4355775031094,10.295051155083062,7.412258189480497,2.857113152327038
Paraguay,600.0,2017,93.94306031046416,4.67208014496486,1.1599898776576103,0.2248696669133825
Paraguay,600.0,2018,93.68815299960364,4.756758192608811,1.355723416118764,0.1993653916687954
Paraguay,600.0,2019,93.58576627236054,4.901109116838383,1.3046275227234716,0.2084970880776335
Paraguay,600.0,2020,90.42759661387092,6.702479464386343,2.3163692597485026,0.5535546619942431
Paraguay,600.0,2021,91.785236395754,5.914720491469659,1.746280111904534,0.5537630008718175
Peru,604.0,2017,81.64177244081935,10.099663721854103,4.144775526401864,4.113788310924674
Peru,604.0,2018,75.49016558384318,11.160163459649196,7.624038557278604,5.72563239922901
Peru,604.0,2019,83.07587389123856,8.538701270417898,4.524889873003531,3.8605349653400136
Peru,604.0,2020,82.49721840689101,7.85023129388356,5.522920616099261,4.129629683126156
Peru,604.0,2021,79.85815944851531,7.928659943143053,6.6827740932592725,5.530406515082351
Philippines,608.0,2017,82.12014405721546,14.93720860868285,2.735020233309561,0.207627100792108
Philippines,608.0,2018,87.95397536089445,10.039132461734798,1.8097331033283053,0.1971590740424616
Philippines,608.0,2019,84.54339149806822,13.544664052429688,1.7623019773155029,0.1496424721866006
Philippines,608.0,2020,91.38588092975029,7.374108278064531,1.0835184639828457,0.1564923282023429
Philippines,608.0,2021,92.09214010859353,6.822841959487159,0.9556231699176804,0.1293947620016426
Poland,616.0,2017,90.45438319753931,7.591203766478266,1.7446821568202957,0.2097308791620767
Poland,616.0,2018,90.30433011253334,7.99771580128219,1.3991558713154926,0.2987982148689666
Poland,616.0,2019,94.88658480580082,4.019427827504271,0.8600662399022305,0.2339211267926561
Poland,616.0,2020,95.34080894225832,3.219893471454987,1.1308137826347284,0.3084838036520044
Poland,616.0,2021,95.13171815856788,3.586713039113255,1.036961224368411,0.2446075779504365
Portugal,620.0,2017,61.60886319845857,33.09248554913295,5.298651252408478,0.0
Portugal,620.0,2018,66.52215799614643,29.335260115606932,4.094412331406551,0.048169556840077
Portugal,620.0,2019,88.10572687224669,10.462555066079297,1.3766519823788546,0.0550660792951541
Portugal,620.0,2020,87.58397743280479,10.691845020211142,1.5262196943318658,0.1979578526521933
Portugal,620.0,2021,88.51621163729226,10.16786392623325,1.2764873783729298,0.0394370581015743
Romania,642.0,2017,97.59362427666804,1.6496951648883904,0.4181493891175539,0.3385311693260192
Romania,642.0,2018,97.95293652156504,1.2687314209783345,0.4308432625294013,0.3474887949272205
Romania,642.0,2019,97.9164225017684,1.3329757163439573,0.4190324149581992,0.3315693669294538
Romania,642.0,2020,91.78317443456176,7.379913806984882,0.579794327573066,0.2571174308802398
Romania,642.0,2021,97.93309064586988,1.248019616734825,0.5470723104800777,0.2718174269151948
Russian Federation,643.0,2017,81.17550121112781,12.07592442881004,5.3746468734384765,1.3739274866236808
Russian Federation,643.0,2018,80.781067684874,12.886710392423172,5.148129734479516,1.1840921882233186
Russian Federation,643.0,2019,90.94022537892926,6.530761235064225,2.0672858706946697,0.4617275153118664
Russian Federation,643.0,2020,88.74253632727093,6.445915080465822,4.049699374616626,0.761849217646623
Russian Federation,643.0,2021,86.5285294365247,7.478749836170697,4.380260608018885,1.612460119285707
Rwanda,646.0,2017,70.55942309136563,13.175054611709925,10.992969864785,5.27255243213944
Rwanda,646.0,2018,77.63774353316268,9.732261445567032,9.170933036526026,3.45906198474424
Rwanda,646.0,2019,78.19292369889729,10.72689588162343,7.971185644347758,3.10899477513153
Rwanda,646.0,2020,79.11459762678982,10.083761850741595,7.878507626727108,2.9231328957414924
Rwanda,646.0,2021,79.18392905559806,10.233616852110378,7.722644651538527,2.859809440753039
Senegal,686.0,2017,82.39066507523142,16.344584299088073,1.2026031372719577,0.0621474884085497
Senegal,686.0,2018,96.03783300910166,3.177330701976682,0.698452640042797,0.0863836488788651
Senegal,686.0,2019,90.64530183268604,8.687362287203598,0.6498047387973571,0.017531141313011
Senegal,686.0,2020,88.36905805497514,10.7632318703509,0.7888029769020302,0.0789070977719305
Senegal,686.0,2021,93.19540045137576,5.885890182295816,0.8047264948558627,0.1139828714725712
Sierra Leone,694.0,2017,86.46408839779005,10.220994475138122,2.4861878453038675,0.8287292817679557
Sierra Leone,694.0,2018,79.48350071736012,11.477761836441896,7.604017216642754,1.434720229555237
Sierra Leone,694.0,2019,90.40920716112532,6.265984654731457,2.813299232736573,0.5115089514066496
Sierra Leone,694.0,2020,87.27240830545216,8.270365775722716,3.881119757402603,0.5761061614225029
Sierra Leone,694.0,2021,88.63300974463088,7.771674332771592,3.0577129847283797,0.5376029378691205
Slovakia,703.0,2017,91.92233009708738,7.145631067961165,0.6213592233009708,0.3106796116504854
Slovakia,703.0,2018,94.85542621104018,4.431092752534736,0.6759294029290275,0.037551633496057
Slovakia,703.0,2019,96.41833810888252,2.9011461318051577,0.5730659025787965,0.1074498567335243
Slovakia,703.0,2020,95.865065736869,2.820721204891924,1.0731560251150232,0.2410570331240414
Slovakia,703.0,2021,94.13537107465775,4.8420679182806685,0.8621568136556179,0.1604041934059408
Somalia,706.0,2017,86.80416653190181,3.55915382428593,3.9067620177617215,5.729917626050527
Somalia,706.0,2018,53.75238484434964,13.664539867948744,19.41257219399193,13.170503093709687
Somalia,706.0,2019,35.72767378306582,16.034521096655663,21.532090349601425,26.705714770677083
Somalia,706.0,2020,33.24299848186634,18.326631948319942,23.937692092002717,24.49267747781102
Somalia,706.0,2021,33.94202690767343,16.38445665047662,23.295818043857857,26.377698397992088
South Africa,710.0,2017,92.6643831310668,5.7217990239816015,1.2155542281259246,0.3982636168256642
South Africa,710.0,2018,92.39312470081484,6.136110483590011,1.1935807350844465,0.27718408051069
South Africa,710.0,2019,95.84241869268368,3.324739515244401,0.6553251543993605,0.1775166376725223
South Africa,710.0,2020,95.592535078744,3.3989794878471944,0.7430761888110312,0.265409244597772
South Africa,710.0,2021,92.8634023166567,5.248624228284441,1.4112752683010474,0.4766981867578064
South Sudan,728.0,2017,71.75104105225432,15.652668645643656,8.723656275162448,3.872634026939588
South Sudan,728.0,2018,75.55626051182684,12.98958141316106,7.9955473437676385,3.458610731244472
South Sudan,728.0,2019,73.82266031696952,13.027156401143136,8.933561289618941,4.216621992268424
South Sudan,728.0,2020,77.5447415261006,9.64795799017113,8.95730619588596,3.849994287842303
South Sudan,728.0,2021,71.63095826907865,9.36212075319923,11.539212203294024,7.467708774428106
Spain,724.0,2017,91.0074924361806,7.811506587637047,1.1120326210660267,0.0689683551163218
Spain,724.0,2018,92.77272413130224,6.09203966952772,1.021773559855946,0.1134626393140591
Spain,724.0,2019,95.70881133167651,3.826026256394035,0.42844159528619,0.0367208166432555
Spain,724.0,2020,95.32386758188568,3.667533660032364,0.8896375420270909,0.1189612160548438
Spain,724.0,2021,94.54821337493112,4.344576447041792,0.971119964567904,0.1360902134591953
Sri Lanka,144.0,2017,73.82455050503064,20.59027054230344,5.142230312847712,0.4429486398181968
Sri Lanka,144.0,2018,79.75727680148452,14.140424499593546,5.110678884401108,0.9916198145208313
Sri Lanka,144.0,2019,81.96704172208858,13.446733296719662,4.080034582422791,0.5061903987689612
Sri Lanka,144.0,2020,79.71390758199657,12.728158804746622,6.49798033325853,1.0599532799982694
Sri Lanka,144.0,2021,76.50241450476452,13.995091716246646,7.773072830170425,1.729420948818411
Sudan,729.0,2017,92.91197733040808,4.916600424873321,1.6189257667709267,0.5524964779476704
Sudan,729.0,2018,92.5523389464498,5.501533607269221,1.4928972990965277,0.4532301471844718
Sudan,729.0,2019,93.23293886444884,4.421627168117228,1.670758702999064,0.6746752644348838
Sudan,729.0,2020,90.36849799225784,6.923597985605124,1.766294990073758,0.941609032063313
Sudan,729.0,2021,89.37846132768732,7.230499038141899,2.290608575970471,1.1004310582003167
Suriname,740.0,2017,96.28570245984926,2.6481158793816344,0.9172932251805131,0.1488884355885957
Suriname,740.0,2018,96.74820915903744,2.342680369767649,0.7667288292670529,0.1423816419278417
Suriname,740.0,2019,96.94183596999156,2.295307645876541,0.6634426648364613,0.0994137192954464
Suriname,740.0,2020,95.21030345735082,3.0127595122564053,1.306400729645484,0.4705363007472735
Suriname,740.0,2021,95.9824700578944,2.5724463606178234,1.0829281396376031,0.3621554418501771
Sweden,752.0,2017,81.19354225718611,10.724895298805489,6.794794045747414,1.2867683982609586
Sweden,752.0,2018,80.29601251093288,11.941880382463582,6.7081688441135165,1.0539382624900449
Sweden,752.0,2019,90.84541373977824,6.507948465745843,2.196491557100026,0.4501462373758875
Sweden,752.0,2020,89.53577026417827,7.158027671333053,2.857727041151557,0.4484750233371453
Sweden,752.0,2021,89.21352487124848,7.537970966291898,2.796731668738855,0.4517724937207771
Switzerland,756.0,2017,84.68727405744997,11.807492876316669,3.358388779174793,0.1468442870585648
Switzerland,756.0,2018,88.21322420298186,10.503287124310374,1.218285564147925,0.0652031085598443
Switzerland,756.0,2019,93.72175328349732,4.727986019276633,1.4451827065173244,0.1050779907087551
Switzerland,756.0,2020,93.1083742512834,5.210553495512896,1.5819280955473494,0.0991441576563507
Switzerland,756.0,2021,88.07471838734467,9.622967006946164,2.139505834683918,0.1628087710252399
Syrian Arab Republic,760.0,2017,64.2162945485354,30.116597951485456,5.280532525838343,0.3865749741408242
Syrian Arab Republic,760.0,2018,56.41112454351786,28.672145080035797,14.579413769597814,0.3373166068485189
Syrian Arab Republic,760.0,2019,88.93502737671118,9.466816255292466,1.2114915947272302,0.3866647732691095
Syrian Arab Republic,760.0,2020,85.41414110151382,13.3707398172266,0.8507850766066503,0.3643340046529522
Syrian Arab Republic,760.0,2021,85.26796492708908,13.782123753367154,0.8023697033577,0.147541616186081
Tajikistan,762.0,2017,86.67471697770483,5.526697825626738,4.614182977944014,3.1844022187243954
Tajikistan,762.0,2018,90.41541164517557,4.630036448458918,2.913129486742672,2.041422419622853
Tajikistan,762.0,2019,90.5183534071118,4.200547715835079,2.985514600789088,2.2955842762640293
Tajikistan,762.0,2020,93.95126383437515,2.6950572914546256,1.5644844005405756,1.7891944736296246
Tajikistan,762.0,2021,92.37709092201726,4.006835716917787,1.8679491393947656,1.7481242216701864
Thailand,764.0,2017,86.8110038862157,10.690695122662438,2.1579863479862325,0.3403146431356417
Thailand,764.0,2018,79.18323983970566,16.845629071671482,3.40565688268545,0.5654742059374331
Thailand,764.0,2019,79.29629425625662,17.48596897606147,2.9384640172496286,0.2792727504322732
Thailand,764.0,2020,78.99411679334854,16.604086296176433,3.985210258762149,0.4165866517128807
Thailand,764.0,2021,82.34669184885601,13.911002796254564,3.322673072906366,0.4196322819830485
Togo,768.0,2017,89.60675066531377,6.674482021634367,2.5704355348146857,1.1483317782371918
Togo,768.0,2018,86.96108049133764,9.427512650251124,2.6721468745885137,0.9392599838227272
Togo,768.0,2019,83.13341111679026,13.107962010987803,2.5616692579618774,1.1969576142600626
Togo,768.0,2020,68.20196471632347,17.906929778693765,8.802143088724435,5.088962416258304
Togo,768.0,2021,77.39451356043527,8.316495647110521,6.892297527038792,7.396693265415407
Tunisia,788.0,2017,83.24217597992197,10.644641847216253,5.094146941884155,1.019035230977634
Tunisia,788.0,2018,91.46649931951978,6.1378648609853705,2.27634078679765,0.1192950326972022
Tunisia,788.0,2019,93.36094677139944,4.336286674953609,2.220894576247983,0.0818719773989677
Tunisia,788.0,2020,86.3588782632004,9.317508129999014,4.1267633907591525,0.196850216041436
Tunisia,788.0,2021,79.89382143303251,15.625805085407354,4.224197744589824,0.2561757369703025
Turkey,792.0,2017,81.7001247577877,10.151310769678853,4.47157229900307,3.6769921735303823
Turkey,792.0,2018,80.4002496431566,10.972426810828374,4.370920332074253,4.256403213940762
Turkey,792.0,2019,79.93149916133011,13.784581666297155,5.935136436157039,0.3487827362157205
Turkey,792.0,2020,91.404474228381,6.365484747172019,2.0402919112777056,0.1897491131692651
Turkey,792.0,2021,85.05168394747994,9.55341884081636,3.92633250188417,1.4685647098195191
Turkmenistan,795.0,2017,97.47250260795826,1.524862731733205,0.8565458786274663,0.1460887816810688
Turkmenistan,795.0,2018,96.26851881298026,2.60155494109532,0.9760330507792808,0.1538931951451373
Turkmenistan,795.0,2019,96.1580953638148,2.763336155823988,0.9472575228518716,0.1313109575093556
Turkmenistan,795.0,2020,96.42614500864777,2.1476431733232624,1.256670887917777,0.1695409301112408
Turkmenistan,795.0,2021,95.44204831809738,2.798635798745542,1.576308203155702,0.1830076800013683
Uganda,800.0,2017,95.6320398132593,4.036609359754398,0.2856402833380807,0.0457105436482255
Uganda,800.0,2018,94.52511726035536,5.0949085538362,0.3333036343221557,0.0466705514862774
Uganda,800.0,2019,97.86025053919288,1.8382307807397549,0.2580074972639699,0.0435111828034067
Uganda,800.0,2020,97.85771969005536,1.866016601087044,0.2336113477765723,0.0426523610810347
Uganda,800.0,2021,98.22090532113168,1.5406129607222856,0.1960347174073689,0.0424470007386811
Ukraine,804.0,2017,89.93057887204257,8.441770383371013,1.4788599310427792,0.1487908135436328
Ukraine,804.0,2018,90.43494893319529,8.587936507156225,0.8977188985298067,0.0793956611186972
Ukraine,804.0,2019,87.40202596727636,10.490481084700532,1.8509634426840784,0.2565295053390345
Ukraine,804.0,2020,85.89314067610239,11.200558271242263,2.564363265324776,0.3419377873305632
Ukraine,804.0,2021,89.38975954145783,8.884008285331072,1.4854454398114751,0.2407867333996285
United Kingdom of Great Britain & Northern Ireland,826.0,2017,81.49311823231868,6.202406794536316,6.111788450001527,6.192686523143469
United Kingdom of Great Britain & Northern Ireland,826.0,2018,79.8262109469321,6.81009939814454,6.362097908871844,7.00159174605153
United Kingdom of Great Britain & Northern Ireland,826.0,2019,82.4908720315446,7.060688992735006,5.768025102843202,4.680413872877178
United Kingdom of Great Britain & Northern Ireland,826.0,2020,82.91350950187294,7.013030608024895,6.2452498201820505,3.8282100699201096
United Kingdom of Great Britain & Northern Ireland,826.0,2021,82.57461440482093,6.919902282575056,6.411969824483586,4.093513488120405
United Republic of Tanzania,834.0,2017,92.06851690219656,6.77012464789295,0.7598453443969706,0.4015131055135116
United Republic of Tanzania,834.0,2018,90.41686732556036,7.99911970659405,1.0256494017458675,0.5583635660997323
United Republic of Tanzania,834.0,2019,95.46380548802908,3.311724105957841,0.7699423357011788,0.4545280703118886
United Republic of Tanzania,834.0,2020,94.80384681548875,3.2928925334718158,0.935586316179958,0.9676743348594512
United Republic of Tanzania,834.0,2021,95.39301637322704,2.5639270907731904,0.7848705593233347,1.2581859766764332
United States of America,840.0,2017,67.54498353636937,21.522014396842312,8.424779127209824,2.508222939578463
United States of America,840.0,2018,73.66739639704359,17.16015622350424,7.356943435162927,1.8155039442892555
United States of America,840.0,2019,83.89767274070557,11.771874597419648,3.290744534439873,1.0397081274349205
United States of America,840.0,2020,83.79802879783435,10.954207222442903,4.287174074573844,0.9605899051488868
United States of America,840.0,2021,86.62824868720936,7.49595597918171,3.786741677975759,2.0890536556331747
Uruguay,858.0,2017,99.4420115287904,0.4124152220001814,0.1428340096406779,0.0027392395687364
Uruguay,858.0,2018,99.07774148504608,0.8959101107176192,0.0260997147785485,0.0002486894577583
Uruguay,858.0,2019,99.35082669853848,0.5337122745135108,0.1130929713188841,0.0023680556291452
Uruguay,858.0,2020,99.36181173074648,0.5157481800512985,0.0971280814199162,0.0253120077822869
Uruguay,858.0,2021,99.58061631588686,0.3272831196173122,0.0778330642087,0.0142675002871365
Uzbekistan,860.0,2017,95.39592305259,3.7722437514829,0.5973824734673004,0.2344507224597853
Uzbekistan,860.0,2018,94.67128063142188,4.259075938733057,0.7969422250075473,0.2727012048375367
Uzbekistan,860.0,2019,97.95101754525764,1.394124329163033,0.4476751012114233,0.2071830243679126
Uzbekistan,860.0,2020,97.5493213772419,1.820226401584896,0.4247357991469425,0.2057164220262426
Uzbekistan,860.0,2021,96.95899661583238,2.406202332804104,0.4341946205029771,0.2006064308605414
Venezuela,862.0,2017,80.9300601507789,9.385987392110197,6.1165204433673175,3.567432013743578
Venezuela,862.0,2018,80.37357938523178,9.700399110939628,6.189455319502269,3.736566184326346
Venezuela,862.0,2019,85.34008764441057,6.870049112294938,4.650177785385238,3.139685457909231
Venezuela,862.0,2020,84.52684245424298,7.101675415825719,4.997214909018037,3.3742672209132865
Venezuela,862.0,2021,83.78030928101899,7.371998772496072,5.193470742796007,3.6542212036889454
Viet Nam,704.0,2017,73.2092728413685,15.453801452568106,8.853343223955564,2.4835824821078263
Viet Nam,704.0,2018,75.6172973742374,14.928625299999606,7.370945804354789,2.083131521408209
Viet Nam,704.0,2019,74.05432655447534,17.74352446698163,6.59902781337164,1.6031211651713884
Viet Nam,704.0,2020,74.25738565105644,15.196924870583178,7.794222918877747,2.751466559482614
Viet Nam,704.0,2021,74.94672948579726,15.497933658601456,7.894514249760775,1.6608226058404874
Zambia,894.0,2017,95.863141846812,2.472270507492814,1.2829239900159373,0.3816636556792556
Zambia,894.0,2018,94.97197853555168,3.135840119871499,1.4960057623104512,0.3961755822664118
Zambia,894.0,2019,96.609722151732,2.1910925258419067,0.8989423930695158,0.3002429293565545
Zambia,894.0,2020,95.2344570159195,2.8792421600673155,1.5850177099039762,0.3012831141092378
Zambia,894.0,2021,93.54129628090789,3.770457858657091,2.231156359506136,0.45708950092889
Zimbabwe,716.0,2017,64.59405080104543,23.051261433048616,10.041144372881256,2.313543393024707
Zimbabwe,716.0,2018,66.47909801239403,23.34051726765443,8.546336833558268,1.6340478863932562
Zimbabwe,716.0,2019,73.62664199290319,17.75245405195368,7.297942331212091,1.3229616239310569
Zimbabwe,716.0,2020,71.28548912208359,17.90953799646552,8.142554119954063,2.6624187614968173
Zimbabwe,716.0,2021,75.05904640256806,17.072406619499574,6.291560290355466,1.5769866875769103
Australia,36.0,2017,94.1101646954782,3.3960913525408523,1.2350043872687058,1.2587395647122417
Australia,36.0,2018,95.487484460357,2.609563464841992,1.0219054656884825,0.8810466091125287
Australia,36.0,2019,96.46715509001704,2.193390437434604,0.9162893776409125,0.4231650949074499
Australia,36.0,2020,96.20026052181264,2.2633598478777945,0.8934026176038294,0.6429770127056939
Australia,36.0,2021,95.67144286796344,2.5515326263829445,1.0253947453743648,0.7516297602792594
Portugal,620.0,2020,87.58479774037662,10.6906133010934,1.5266244578070485,0.1979645007229239
Portugal,620.0,2021,88.51924689004355,10.167621082268385,1.2736938536578468,0.0394381740302276
Spain,724.0,2018,92.77272413130224,6.09203966952772,1.0217735598559463,0.1134626393140591
Spain,724.0,2020,95.32371692586634,3.667480048821786,0.8896029805325736,0.1192000447793063
Spain,724.0,2021,94.54811839059504,4.344597679160148,0.9712369417541282,0.1360469884906834
Venezuela,862.0,2017,80.93008512280753,9.385964873338184,6.116518992554207,3.567431011300084
Venezuela,862.0,2018,80.37355868896145,9.700406942084948,6.189472257720354,3.736562111233261
Venezuela,862.0,2019,85.34004654297809,6.870094625895981,4.650179469423067,3.1396793617028744
Venezuela,862.0,2020,84.5271928049193,7.101539085537609,4.997096005846002,3.374172103697086
Venezuela,862.0,2021,83.78063472732701,7.37201512349612,5.193227308296725,3.654122840880147
